,AF-Q99250-F1-model_v6 z [A],AF-Q99250-F1-model_v6 Radius [A]
0,-75.91080000000001,14.688768999999999
1,-74.8108,14.251708333333333
2,-73.7108,13.834771999999997
3,-72.61080000000001,13.509009999999998
4,-71.5108,13.267280909090909
5,-70.41080000000001,13.137519000000001
6,-69.3108,12.872179166666667
7,-68.2108,12.486993
8,-67.11080000000001,12.087915833333334
9,-66.0108,11.87402
10,-64.91080000000001,11.769622
11,-63.81080000000001,11.754005
12,-62.710800000000006,11.833575
13,-61.610800000000005,12.016999166666665
14,-60.5108,12.286506
15,-59.41080000000001,12.57941818181818
16,-58.3108,12.870808333333331
17,-57.210800000000006,13.094579
18,-56.110800000000005,13.176536666666669
19,-55.0108,12.408033999999999
20,-53.91080000000001,11.548204545454546
21,-52.8108,10.986780000000001
22,-51.710800000000006,10.357834
23,-50.610800000000005,9.847735
24,-49.5108,9.372333000000001
25,-48.41080000000001,8.835582727272728
26,-47.3108,8.355023333333333
27,-46.210800000000006,8.00304090909091
28,-45.1108,7.803176363636364
29,-44.0108,7.6315550000000005
30,-42.91080000000001,7.447171818181818
31,-41.8108,7.362150000000001
32,-40.710800000000006,7.142647272727274
33,-39.6108,6.651885454545454
34,-38.5108,6.281807000000001
35,-37.41080000000001,6.00033
36,-36.3108,5.7870725
37,-35.210800000000006,5.635497272727272
38,-34.1108,5.631325454545455
39,-33.0108,5.966004
40,-31.910800000000005,6.114277272727273
41,-30.810800000000004,5.189404545454546
42,-29.710800000000003,4.046425454545456
43,-28.6108,4.382556666666667
44,-27.5108,4.853577272727272
45,-26.410800000000002,5.229337
46,-25.310800000000004,5.258574545454545
47,-24.210800000000003,5.26375
48,-23.1108,5.072468333333333
49,-22.0108,4.271582727272728
50,-20.910800000000002,3.712816
51,-19.810800000000004,3.394535454545455
52,-18.710800000000003,2.9703636363636363
53,-17.6108,2.5541008333333335
54,-16.5108,2.3990018181818185
55,-15.410799999999998,2.359520909090909
56,-14.3108,2.3138460000000003
57,-13.210800000000003,2.104990909090909
58,-12.110800000000001,1.7997908333333335
59,-11.010800000000003,1.7887340000000003
60,-9.910800000000002,2.093945
61,-8.8108,2.048931
62,-7.710799999999999,1.9063975
63,-6.610799999999998,1.7968918181818183
64,-5.510800000000003,2.125234
65,-4.410800000000002,2.921656666666666
66,-3.3108000000000004,3.668284
67,-2.210799999999999,4.357080000000001
68,-1.1107999999999976,4.4452869999999995
69,-0.010800000000003251,4.119287272727273
70,1.0891999999999982,3.7117391666666664
71,2.1891999999999996,3.5276289999999997
72,3.289200000000001,3.3828674999999997
73,4.389200000000002,2.8508336363636366
74,5.489199999999997,2.406962
75,6.589199999999998,1.8441483333333333
76,7.6892,1.3473229999999998
77,8.789200000000001,1.3866891666666668
78,9.889200000000002,1.7280809090909088
79,10.989199999999997,1.905903
80,12.089199999999998,2.206135
81,13.1892,2.727084
82,14.289200000000001,2.9523783333333333
83,15.389200000000002,3.1654172727272734
84,16.489200000000004,3.4661190909090904
85,17.589200000000005,3.803511818181818
86,18.6892,4.113412
87,19.7892,4.633993333333334
88,20.889200000000002,5.191144545454545
89,21.989200000000004,5.2357227272727265
90,23.089200000000005,5.541501818181818
91,24.1892,5.652644
92,25.2892,5.012185833333333
93,26.389200000000002,4.254820909090909
94,27.489200000000004,3.6616045454545456
95,28.589200000000005,3.117709090909091
96,29.6892,2.655368
97,30.7892,3.203489166666667
98,31.889200000000002,4.0048081818181815
99,32.9892,7.413765454545455
